Country,Year,Life expectancy,"Number of death due to tuberculosis, excluding HIV",Age-standarized suicide rates (per 100000 population),Total NCD Death(inthousands),Per adult national income,"School enrollment, tertiary (% gross)",Prevalence of undernourishment (% of population)
Afghanistan,2000,13.92,13000,7.71,1042,4021.6078,,47.8
Afghanistan,2010,15.12,12000,6.67,950.7,14463.3324,,21.2
Afghanistan,2015,15.59,13000,5.99,895.1,13946.0477,,21.5
Afghanistan,2019,15.21,9800,5.96,881.2,13512.7836,,26.9
Albania,2000,19,23,5.23,655.9,21554.0551,15.53660965,4.9
Albania,2010,21.31,9,7.63,505.9,37418.6112,44.54925156,5.8
Albania,2015,21.13,8,4.23,513.9,40068.4711,62.00762177,4.9
Albania,2019,21.03,8,3.72,601.9,43732.4986,59.7784996,4.3
Algeria,2000,19.81,2500,4.68,614.8,9425.2684,,8
Algeria,2010,21.37,3000,3,487.8,26266.7029,29.88942909,4.3
Algeria,2015,21.81,3200,2.72,460.7,28057.9335,36.78131866,2.8
Algeria,2019,22.04,2800,2.6,445.8,25059.3274,52.61994171,2.5
Angola,2000,14.42,12000,17.56,775,5290.4316,,67.5
Angola,2010,15.97,16000,14.21,682.3,15276.2993,,23.9
Angola,2015,16.71,16000,13.27,639.1,13326.4145,8.400939941,14.5
Angola,2019,16.98,17000,12.55,621.2,7372.1258,,17.9
Antigua and Barbuda,2000,20.27,1,2.01,535.6,3862.9223,,
Antigua and Barbuda,2010,20.5,1,0.13,498.3,6621.5126,16.72623062,
Antigua and Barbuda,2015,20.43,1,0.42,507.4,7789.5668,,
Antigua and Barbuda,2019,20.59,1,0.32,501.1,12763.8517,,
Argentina,2000,20.18,890,9.2,540.2,17885.1685,53.96480942,3
Argentina,2010,20.62,580,8.43,491.3,37678.1167,73.23139954,3.1
Argentina,2015,20.98,660,8.1,455.9,43820.2319,84.0019989,2.5
Argentina,2019,21.11,650,8.14,435.2,41635.7847,95.44790649,3.5
Armenia,2000,18.81,170,3.28,665.9,9120.5256,35.54978943,26.1
Armenia,2010,18.79,160,5.86,664.4,26176.0103,52.989151,3.7
Armenia,2015,19.42,68,4.7,604.7,31863.3997,46.52180099,2.8
Armenia,2019,20.41,35,2.66,525.9,39440.5524,51.48752975,3.1
Australia,2000,23.11,53,11.85,386.1,184849.7109,,2.5
Australia,2010,24.74,55,10.41,315.7,262738.7669,,2.5
Australia,2015,25.01,52,11.81,302.2,282411.0438,118.6108627,2.5
Australia,2019,25.62,44,11.25,278.5,310658.7152,115.9520416,2.5
Austria,2000,21.95,75,15.82,453.2,185974.1993,,2.5
Austria,2010,23.43,39,12.21,371.4,215496.549,75.6237793,2.5
Austria,2015,23.59,65,11.39,355.4,218466.1662,80.71942139,2.5
Austria,2019,24.09,41,10.4,329.4,239766.4288,86.47553253,2.5
Azerbaijan,2000,16.61,1600,3.42,857.3,4761.9266,,17
Azerbaijan,2010,16.36,820,4.53,897.8,26541.2233,19.26004028,2.5
Azerbaijan,2015,16.62,580,3.99,896.5,37957.4215,25.48320007,2.5
Azerbaijan,2019,17.06,600,3.97,839.4,37495.6955,31.54019928,2.5
Bahamas,2000,19.95,9,2.53,532.1,19620.0503,,
Bahamas,2010,20.7,2,3.66,548.5,42559.8436,,
Bahamas,2015,20.88,2,3.42,525.6,46075.4515,,
Bahamas,2019,20.84,2,3.37,532.3,51793.8934,,
Bahrain,2000,14.97,18,7.04,1002,70608.7359,,
Bahrain,2010,17.82,10,7.16,759.6,64220.3985,,
Bahrain,2015,19.67,7,6.32,569.1,77952.6867,43.27574921,
Bahrain,2019,19.01,8,7.2,644.3,67689.5387,55.62850952,
Bangladesh,2000,17.84,92000,6.87,596,5372.435,5.631340027,15.9
Bangladesh,2010,19.02,79000,4.82,558.7,9728.6367,,15.2
Bangladesh,2015,20.9,66000,3.64,454.6,12881.4714,13.78740978,14
Bangladesh,2019,20.86,39000,3.85,473.7,17672.8245,24.01688957,11
Barbados,2000,20.72,1,2.6,498.3,3880.3266,40.57286072,6.4
Barbados,2010,21.3,1,1.22,463.4,5508.1213,69.80744171,4.3
Barbados,2015,21.4,2,0.31,453.8,3364.8873,,4.3
Barbados,2019,20.92,2,0.31,475.9,5296.077,,3.7
Belgium,2000,21.63,110,18.3,444.8,249441.5677,58.16905975,2.5
Belgium,2010,23.11,62,16.52,369.4,304892.6967,67.82901001,2.5
Belgium,2015,23.59,61,14.41,341.4,320424.347,74.55976105,2.5
Belgium,2019,24.02,33,13.93,319.5,328797.8877,80.13816833,2.5
Belize,2000,18.74,7,10.01,611.4,9734.5732,,5.8
Belize,2010,21.3,12,8.18,475.1,6938.3279,21.86787987,6.5
Belize,2015,21.47,8,6.87,447.4,8425.6298,23.25366974,7.8
Belize,2019,21.53,7,7.65,451.3,8124.6498,24.99110031,6.8
Benin,2000,16.08,1200,14.72,707.9,8221.3957,3.71152997,17.2
Benin,2010,16.69,1000,14.14,677.4,11589.6682,13.77511978,8.2
Benin,2015,17.01,1000,13.38,660.3,13216.5282,13.5534296,7.3
Benin,2019,17.4,960,12.71,634.4,14617.8523,11.14138031,7.7
Bhutan,2000,17.95,150,6.91,625,26135.2098,,
Bhutan,2010,18.89,170,5.24,561.6,40698.5486,7.246779919,
Bhutan,2015,19.16,130,5.16,553.8,45256.6446,14.12413979,
Bhutan,2019,19.36,140,5.07,545.6,48503.1236,15.56830025,
Bolivia,2000,17.8,2500,8.37,636.4,26840.7942,,27.9
Bolivia,2010,18.53,1500,7,579.7,31987.8063,,20.4
Bolivia,2015,18.51,1300,7.2,588,38473.119,,14.3
Bolivia,2019,18.56,1200,6.82,583.3,40571.9918,,11.9
Bosnia and Herzegovina,2000,19.58,210,8.13,575.2,37021.9252,20.9710598,3.2
Bosnia and Herzegovina,2010,19.73,190,8.3,573.5,50576.3627,,2.5
Bosnia and Herzegovina,2015,19.85,130,8.33,572,59076.7294,50.18598938,2.5
Bosnia and Herzegovina,2019,20.16,95,8.25,550.9,70222.9107,40.19034958,2.5
Botswana,2000,12.92,760,46.25,1017,24326.4418,7.35284996,23.7
Botswana,2010,15.26,590,31.2,821.9,23602.2906,20.84837914,21.5
Botswana,2015,15.89,550,24.55,783.3,25311.4102,30.23933983,19.6
Botswana,2019,16.25,700,20.22,728.3,27231.6927,25.08139038,22.1
Brazil,2000,19.7,7400,4.47,581.2,36072.6462,,10.7
Brazil,2010,20.81,5500,5,491.7,54392.7826,,3.7
Brazil,2015,21.42,5300,5.6,449.1,59254.2905,51.32004166,2.5
Brazil,2019,21.9,5200,6.41,424.5,51213.6434,55.13629913,2.6
Brunei,2000,16.78,19,1.72,807.4,609121.9783,12.68708992,20
Brunei,2010,19,16,1.14,603.1,452388.4523,15.45913982,11.4
Brunei,2015,19.03,19,1.63,585.5,452933.3299,31.30059052,7.4
Brunei,2019,19.17,22,2.54,629.5,417852.6939,31.47384071,5.8
Bulgaria,2000,17.6,360,14.05,793,62233.1714,44.12976074,4
Bulgaria,2010,18.92,210,8.45,686.8,82155.7428,57.79518127,4
Bulgaria,2015,19.4,120,6.77,645.2,90166.8863,70.30153656,3.4
Bulgaria,2019,19.82,98,6.5,616.5,97025.5037,73.37917328,3
Burkina Faso,2000,15.52,1800,16.93,705,5756.2065,,22.6
Burkina Faso,2010,16.17,1700,15.82,685.5,9502.5335,3.57942009,13.3
Burkina Faso,2015,16.44,1700,15.44,676.8,10520.1265,5.063829899,12
Burkina Faso,2019,16.82,2000,14.38,647.8,11767.4352,7.096129894,14.1
Burundi,2000,12.97,3000,23.43,926.1,4564.5852,1.223620057,
Burundi,2010,15.61,1900,14.92,727.5,5575.4392,3.254610062,
Burundi,2015,16.18,2300,12.75,674.4,5252.524,5.133039951,
Burundi,2019,16.47,2500,12.12,651.6,4734.704,3.923569918,
Cape Verde,2000,20.36,29,18.18,479.1,5711.1151,2.014889956,14.5
Cape Verde,2010,22.07,33,18.44,427.7,7109.6427,18.0097599,14.2
Cape Verde,2015,21.69,24,16.73,436,4487.203,23.06306076,16.8
Cape Verde,2019,19.66,25,15.23,512.8,6144.5308,,14.5
Cambodia,2000,15.81,5100,6.84,766.9,16733.8323,2.481359959,23.6
Cambodia,2010,17.22,3700,6.34,685,25165.1361,13.96498966,11.2
Cambodia,2015,17.57,3200,5.75,660.4,28275.0296,13.13562965,8.9
Cambodia,2019,17.74,2800,5.49,652.4,35101.635,14.73896027,6
Cameroon,2000,15.06,9400,19.12,774.2,2516.5097,4.64523983,22.9
Cameroon,2010,15.88,8300,19.51,749.1,8918.9517,11.15701962,7.1
Cameroon,2015,16.41,6800,17.09,700.7,9423.2945,16.9623909,5.4
Cameroon,2019,17.09,7400,15.92,660.5,9916.2846,,6.7
Canada,2000,22.51,140,10.71,410.5,125585.7944,59.11445999,2.5
Canada,2010,24.35,91,10.26,327.2,166443.342,61.65584946,2.5
Canada,2015,24.72,120,11.16,311.9,199146.315,64.78695679,2.5
Canada,2019,25.15,78,10.34,301.3,228414.4326,75.69882202,2.5
Central African Republic,2000,11.77,3000,32.5,1059,5750.4532,1.917400002,39.2
Central African Republic,2010,12.51,4200,28.12,1002,8915.0714,2.671149969,30.3
Central African Republic,2015,12.77,4000,26.31,968.5,6348.1171,,49.9
Central African Republic,2019,13.17,5100,22.96,911.1,7208.1503,,49.2
Chad,2000,14.95,2500,15.71,674.5,4806.5132,0.827960014,38.8
Chad,2010,15.63,2900,15.97,678.3,11111.9517,2.096060038,31.4
Chad,2015,16.16,3300,13.97,653.6,11140.0416,3.251300097,28
Chad,2019,16.54,3500,13.22,626.2,9275.9823,,31.7
Chile,2000,21.32,550,10.52,450.1,47798.9669,35.37630081,3.4
Chile,2010,22.45,550,11.01,402.2,65073.2259,67.86342621,3.4
Chile,2015,23.61,450,9.17,357.7,70537.9846,85.26672363,3.1
Chile,2019,24.27,360,8.04,328.5,74641.7494,93.10112762,2.6
China,2000,18.43,110000,14.85,687.6,26740.2335,7.590410233,10
China,2010,19.58,52000,9.59,590.7,63219.9633,24.19849014,2.5
China,2015,20.58,39000,7.08,521.4,93527.6995,46.04042816,2.5
China,2019,21.06,31000,6.67,491.5,117984.9065,53.76491165,2.5
Colombia,2000,21.74,1300,5.3,422.4,11327.9792,24.49200058,8.7
Colombia,2010,23.03,1000,3.85,362.7,18547.2408,39.41331863,12.9
Colombia,2015,23.42,1100,4.04,346.6,22737.287,53.28213882,6.5
Colombia,2019,23.96,1200,3.74,326,23148.1776,54.97652054,7.2
Comoros,2000,16.34,42,10.87,687.3,16060.6345,1.454560041,
Comoros,2010,17.6,47,9.01,603.1,18411.1882,5.782959938,
Comoros,2015,17.92,50,8.8,597.7,19817.9381,,
Comoros,2019,18.13,73,8.46,577.9,20797.3957,,
Republic of the Congo,2000,13.87,570,24.75,946.4,14332.8151,5.078979969,27
Republic of the Congo,2010,15.67,1900,15.79,758.5,19470.0599,,36.5
Republic of the Congo,2015,16.11,2700,12.46,685.2,16604.6142,,25.2
Republic of the Congo,2019,16.45,2900,11.62,642.9,10516.2256,,29.9
Costa Rica,2000,22.38,79,6.85,410,33466.8344,,4.7
Costa Rica,2010,23.97,47,6.76,354.1,45515.7011,,4.6
Costa Rica,2015,24.87,33,6.41,312.6,52904.4921,53.05263138,4.1
Costa Rica,2019,25.03,38,7.62,309.2,50846.5734,57.67481995,3.4
Ivory Coast,2000,14.5,8600,23.99,779.9,1661.6551,,20.4
Ivory Coast,2010,15.65,6400,20.01,723.7,1923.1488,7.672249794,13.6
Ivory Coast,2015,16.39,5300,17.71,663.8,2136.4885,8.794380188,8.3
Ivory Coast,2019,17.08,5600,15.66,618.1,1238.9179,9.952599525,4.7
Croatia,2000,19.02,180,16.3,630.8,68754.9133,32.38116837,6.8
Croatia,2010,20.42,83,13.2,537.1,65494.6579,54.02853012,2.5
Croatia,2015,21.05,46,12.15,493.9,69605.8659,66.4910202,2.5
Croatia,2019,21.76,36,11.01,443.7,85837.7177,67.72174835,2.5
Cuba,2000,21.6,53,15.63,451.3,13042.8691,22.03743935,2.5
Cuba,2010,21.53,45,11.45,446.9,32674.1056,94.85228729,2.5
Cuba,2015,21.81,49,10.36,427.9,40588.8638,36.11420059,2.5
Cuba,2019,21.59,35,10.19,431.2,45821.437,44.25410843,2.5
Cyprus,2000,21.86,0,1.92,433.3,109781.5896,19.56232071,5.1
Cyprus,2010,23.54,1,4.63,355.8,154973.7475,48.31158066,3
Cyprus,2015,24.17,2,4.17,324.5,127906.2423,60.10123062,2.5
Cyprus,2019,24.92,5,3.18,284.2,162400.3485,88.48532867,2.5
Czechia,2000,19.34,120,13.42,603.2,120503.4664,28.3487606,2.5
Czechia,2010,21.01,40,11.93,483.4,123997.6547,63.94588089,2.5
Czechia,2015,21.5,57,10.49,448.2,127867.2307,64.48162842,2.5
Czechia,2019,22.07,23,9.48,416.8,143415.3478,65.58698273,2.5
Democratic Republic of the Congo,2000,14.88,30000,14.5,753.8,3440.6429,,32.2
Democratic Republic of the Congo,2010,15.49,37000,13.5,719.7,1738.8355,,34.2
Democratic Republic of the Congo,2015,16.25,51000,12.27,661,1884.3949,,35.5
Democratic Republic of the Congo,2019,16.63,44000,12.41,652.9,2058.1825,,37.7
Denmark,2000,20.63,40,12.5,512.6,134801.7786,57.21831131,2.5
Denmark,2010,22.19,36,8.92,423,197366.5253,73.59667206,2.5
Denmark,2015,23.16,17,8.07,369,217389.831,82.12949371,2.5
Denmark,2019,23.59,10,7.63,342.9,124193.1439,81.83975983,2.5
Djibouti,2000,16.29,330,12.06,634.8,2357.709,0.269419998,42
Djibouti,2010,17.06,450,11.72,618.8,4723.0516,3.616280079,22.4
Djibouti,2015,17.48,380,11.89,612.5,7294.3494,,14.2
Djibouti,2019,17.76,270,11.95,610.9,8018.575,,13.1
Dominican Republic,2000,22.42,900,4.9,393.2,9814.1109,,20.4
Dominican Republic,2010,21.38,690,5.38,461.4,19494.8974,47.27909851,13
Dominican Republic,2015,20.24,400,6.84,560.7,23553.1111,51.74710846,7.4
Dominican Republic,2019,20.65,190,5.11,506.5,30115.2182,61.16123199,7
Ecuador,2000,21.94,1500,6.84,422.9,-906.761,,21
Ecuador,2010,21.62,740,10.18,447,7812.4386,,12.3
Ecuador,2015,22.53,610,8.88,396,8043.5956,44.89223099,9
Ecuador,2019,23.2,570,7.68,364.7,6937.7827,47.94522858,13.7
Egypt,2000,18.46,1100,3.62,714.2,3890.5495,,5.2
Egypt,2010,17.75,630,3.62,773,9476.328,31.41724014,4.5
Egypt,2015,17.03,420,3.72,813.4,9795.6191,35.02812958,4.4
Egypt,2019,17.83,450,3.41,733.8,10678.6951,,5
El Salvador,2000,21.44,130,6.73,440.3,-92.9685,21.40517044,7.2
El Salvador,2010,22.08,88,6.4,417.5,7357.1184,26.11397934,10.5
El Salvador,2015,21.76,62,6.78,445.2,6067.5348,27.97005081,10.6
El Salvador,2019,22.12,61,6.11,392.7,7504.6074,29.9244194,8.3
Equatorial Guinea,2000,15.49,190,19.35,779.2,13011.7719,1.852880001,
Equatorial Guinea,2010,17.61,460,15.27,653.4,27121.9084,,
Equatorial Guinea,2015,17.72,500,15.33,653.2,13977.0494,,
Equatorial Guinea,2019,17.64,830,13.51,637.1,5739.1248,,
Eritrea,2000,13.51,160,23.41,838.3,2968.7584,1.956069946,
Eritrea,2010,14.53,750,20.53,775.3,1583.1897,3.241909981,
Eritrea,2015,15.08,600,18.69,741.7,1885.6791,3.476500034,
Eritrea,2019,15.5,540,17.26,713.6,2249.0881,,
Estonia,2000,18.61,110,24.98,707.8,69777.747,54.5440712,3.6
Estonia,2010,20.75,42,15.42,538.7,99979.4094,68.18450928,2.5
Estonia,2015,21.92,22,13.36,472.2,127039.0893,72.1676178,2.5
Estonia,2019,22.53,16,11.96,426.5,145981.4798,74.231987,2.5
Ethiopia,2000,14.15,57000,18.39,725.9,1697.5685,1.186560035,47
Ethiopia,2010,17.28,32000,13.1,565,4778.9432,7.483180046,24.7
Ethiopia,2015,18.08,27000,9.98,522.3,6504.4297,9.584710121,14.8
Ethiopia,2019,18.45,22000,9.45,511.3,8273.7768,,21.9
Fiji,2000,14.7,16,11.69,1088,11149.4574,,4
Fiji,2010,15.78,26,10.12,962.2,11334.5342,,5.6
Fiji,2015,15.99,36,10.01,942.1,13455.9424,,6.5
Fiji,2019,16.18,40,9.51,923.4,14240.694,53.49316025,4.9
Finland,2000,21.6,130,21.74,450.8,135696.7905,82.3295517,2.5
Finland,2010,23.29,48,16.44,386.1,179010.4871,93.44780731,2.5
Finland,2015,23.91,33,12.15,351.3,184932.9323,87.67987061,2.5
Finland,2019,24.16,30,13.43,334.3,196228.5508,92.95500946,2.5
France,2000,23.01,1100,15.81,392.3,147253.8141,50.60308075,2.5
France,2010,24.71,640,13.89,325.2,219799.8931,54.8817215,2.5
France,2015,25.01,470,11.48,305.3,211273.8871,62.78593063,2.5
France,2019,25.34,440,9.65,290.1,234396.3512,68.35790253,2.5
Gabon,2000,15.23,950,19.36,804.5,5588.4547,,10.7
Gabon,2010,16.36,1400,15.77,709.6,21744.3285,,14.7
Gabon,2015,16.91,1400,15.17,672.5,24864.1903,,13.9
Gabon,2019,17.17,1900,13.11,613.3,24345.2226,21.06587029,16.6
The Gambia,2000,16.21,370,11.14,644,9234.3572,,17.8
The Gambia,2010,16.45,460,10.64,630,8436.1208,1.957980037,10.4
The Gambia,2015,16.67,480,10.29,617.6,5264.1391,,11
The Gambia,2019,16.85,480,9.64,595.5,5457.1523,,18
Georgia,2000,16.99,330,6.6,883.8,11739.0756,39.05968857,7.7
Georgia,2010,18.22,210,6.98,745.6,15064.7362,32.58370972,6.7
Georgia,2015,18.43,150,8.79,727.1,16945.3919,46.48112869,8.1
Georgia,2019,18.76,140,7.65,695.4,19827.6978,63.91550064,7.8
Germany,2000,21.75,620,11.16,462.3,152769.2407,,2.5
Germany,2010,23.15,350,9.5,384,163090.9562,,2.5
Germany,2015,23.21,320,9,375,196878.097,67.74687195,2.5
Germany,2019,24.41,270,8.27,329.3,249538.4159,73.52105713,2.5
Ghana,2000,16.05,9100,9.75,659.2,3145.9184,,14.9
Ghana,2010,16.21,10000,13.26,695.4,9391.528,,6.1
Ghana,2015,16.8,11000,12.02,655.8,11458.4607,15.69071007,7.7
Ghana,2019,17.25,11000,10.54,618.3,13238.0885,17.23296928,5.2
Greece,2000,21.54,90,2.86,469,111620.7463,50.7843399,2.5
Greece,2010,23.33,78,2.72,382.2,101528.5088,103.7962799,2.5
Greece,2015,23.46,45,3.78,356.2,81790.1068,,2.5
Greece,2019,23.84,44,3.62,329,80667.5386,148.5308838,2.5
Grenada,2000,17.86,1,2.12,669.4,10071.4514,,
Grenada,2010,17.74,1,0.73,714,3614.701,,
Grenada,2015,18.86,2,0.62,614.6,2881.0379,95.62065887,
Grenada,2019,18.73,2,0.64,617.9,18486.5288,,
Guatemala,2000,19.11,600,13.48,531.3,14948.7529,,22.2
Guatemala,2010,19.55,410,8.66,545.6,21438.2667,,16.4
Guatemala,2015,19.85,380,6.4,538.6,23080.9436,21.78329086,17.3
Guatemala,2019,20.47,390,6.23,496.5,25408.3702,22.14220047,16.3
Guinea,2000,15.69,4400,9.73,617.5,5698.9673,,
Guinea,2010,15.79,3100,12.47,690.9,7372.2324,10.90025043,
Guinea,2015,15.89,2900,12.99,698.7,7726.8919,9.360919952,
Guinea,2019,16.54,2400,12.33,660.2,10394.5261,7.018630028,
Guinea-Bissau,2000,13.83,660,17.54,823.7,5026.938,,
Guinea-Bissau,2010,14.59,880,15.39,772.9,7605.2578,,
Guinea-Bissau,2015,15.03,1400,13.08,699.1,8920.6142,,
Guinea-Bissau,2019,15.5,1400,12.38,672.1,8999.2295,,
Guyana,2000,15.93,83,35.75,905.6,86975.3727,,6.5
Guyana,2010,16.17,150,36.37,837.5,121452.1484,11.69943047,8.7
Guyana,2015,16.61,94,39.3,799.7,126820.3007,,6.8
Guyana,2019,16.55,100,40.85,800.5,134395.8595,,5
Haiti,2000,15.77,1500,12.72,923,6929.7996,,50.7
Haiti,2010,11.46,980,13.2,865.5,9490.1823,,44.4
Haiti,2015,16.47,1100,11.97,871.5,9946.8635,,42.4
Haiti,2019,16.77,1000,11.17,837.3,10089.9164,,46.4
Honduras,2000,19.55,430,3.01,561.1,6685.109,13.06748009,21.9
Honduras,2010,18.86,370,2.66,574.2,11943.4307,19.51005936,15.8
Honduras,2015,17.87,350,4.57,689.9,11440.8278,20.39551926,14.5
Honduras,2019,18.35,460,2.58,613.5,12705.8155,25.45789909,13.3
Hungary,2000,17.96,410,26.62,772.6,76208.0741,35.94100952,2.5
Hungary,2010,19.67,150,19.17,625.1,86548.4715,63.72238922,2.5
Hungary,2015,19.9,100,14.6,588.3,100313.966,48.96213913,2.5
Hungary,2019,20.22,62,11.77,554.5,131724.4623,52.44464874,2.5
Iceland,2000,22.62,2,12.68,390.2,186753.1238,46.09698868,2.5
Iceland,2010,23.91,3,11.79,330.8,177608.6055,78.8184433,2.5
Iceland,2015,24.41,2,13.17,313,246520.4417,75.76605988,2.5
Iceland,2019,24.64,2,11.15,304.9,321197.7669,77.58883667,2.5
India,2000,16.12,617000,19.09,687.3,12963.3188,9.508720398,18.4
India,2010,17.95,496000,15.56,584.9,23755.4365,17.83387947,15.9
India,2015,18.49,453000,12.92,575.5,32169.5741,26.76898956,14.5
India,2019,18.82,441000,12.91,558.5,37177.7296,28.57290077,14.6
Indonesia,2000,17.56,119000,3.79,677.5,5688.6449,14.87679958,19.2
Indonesia,2010,17.46,113000,2.92,693.8,15401.7417,24.07625961,13
Indonesia,2015,17.67,97000,2.57,676.7,17455.5358,33.25072098,7.2
Indonesia,2019,17.94,91000,2.55,660.7,23159.6294,,6.2
Iran,2000,19.7,580,8.04,585.3,11899.7957,18.69705963,4.8
Iran,2010,21.4,670,5.78,471.9,22191.4348,44.16965866,6.1
Iran,2015,21.56,870,5.96,460.5,20793.3421,72.96105194,4.7
Iran,2019,21.82,870,5.13,445.7,20900.4396,60.39419174,4.9
Iraq,2000,18.3,1300,5.25,698,-791.6426,12.11528015,22.1
Iraq,2010,18.82,1100,5.34,653.1,4974.1621,,15
Iraq,2015,19.24,1000,5.4,611.7,5719.4401,,18.4
Iraq,2019,19.18,870,4.74,610.8,9969.0491,,17.4
Ireland,2000,20.19,51,12.05,514.3,197902.6952,49.44981003,2.5
Ireland,2010,23.18,35,11.17,368.7,225627.008,63.12643814,2.5
Ireland,2015,23.66,17,8.71,349.9,194128.7045,77.23214722,2.5
Ireland,2019,24.19,18,8.9,326.8,239503.4955,75.17993927,2.5
Israel,2000,21.95,78,6.76,427.5,35303.2255,50.01055145,2.5
Israel,2010,24.15,28,6.56,321.4,67368.7834,65.92613983,2.5
Israel,2015,24.31,15,4.45,307.8,85764.6134,65.4868927,2.5
Israel,2019,24.9,21,5.15,285.3,102493.8694,60.32519913,2.5
Italy,2000,22.54,510,5.53,411.6,155995.9622,49.81127167,2.5
Italy,2010,24.37,370,4.82,324.7,209113.4224,65.77429962,2.5
Italy,2015,24.48,340,4.83,313.5,186852.9227,60.93946075,2.5
Italy,2019,25.04,300,4.33,289.1,185659.0477,66.0515976,2.5
Jamaica,2000,20.99,19,2.05,468.3,17404.2249,15.07814026,7.4
Jamaica,2010,21.63,11,1.97,434.7,8858.3008,26.8155899,9.7
Jamaica,2015,21.36,7,2.17,459.1,5805.2293,27.13060951,9.7
Jamaica,2019,21.32,7,2.28,454.4,15654.7003,,7.5
Japan,2000,24.15,5100,18.08,303,192812.575,,2.5
Japan,2010,25.27,3800,18.81,262.1,179804.9037,,2.7
Japan,2015,25.86,3000,14.89,243.1,186733.0647,,2.5
Japan,2019,26.35,3300,12.24,235.4,190360.048,,2.8
Jordan,2000,18.61,28,3.5,648.4,2551.0288,27.23424911,9.7
Jordan,2010,20.99,27,2.02,481.8,13440.67,37.14990997,6.2
Jordan,2015,21.79,8,1.85,433.5,12068.3942,36.63100052,6.3
Jordan,2019,21.81,9,1.98,441.2,11678.4124,33.06087112,14.6
Kazakhstan,2000,15.31,4600,39.43,1034,11409.4066,31.81212997,6.5
Kazakhstan,2010,17.16,1900,29.41,844.1,34794.9518,46.24797058,3.2
Kazakhstan,2015,18.59,720,23.42,697.3,46745.8655,46.37350845,2.5
Kazakhstan,2019,19.46,440,18.05,620.9,54065.5672,61.74975967,2.5
Kenya,2000,16.33,13000,15.81,624.2,6166.4826,2.699520111,32.2
Kenya,2010,16.79,33000,11.85,607.5,10446.8719,,22.2
Kenya,2015,17.32,30000,10.64,583,10598.7324,9.229559898,21.5
Kenya,2019,17.64,19000,11.01,587.1,10457.2065,10.0383997,25.6
Kiribati,2000,12.56,41,35.64,1424,7758.5643,,4.4
Kiribati,2010,13.18,44,32.65,1341,8412.4611,,4.4
Kiribati,2015,13.47,45,31.59,1304,13449.7299,,3.2
Kiribati,2019,13.69,46,30.56,1281,14455.2759,,4
Kuwait,2000,22.19,22,3.1,425.6,235369.7385,,2.6
Kuwait,2010,23.21,33,2.43,356.7,317133.5988,,2.5
Kuwait,2015,24.21,18,2.4,308.5,386969.8671,55.14833069,2.5
Kuwait,2019,23.96,16,2.66,324.4,347389.7945,55.30754852,2.5
Kyrgyzstan,2000,16.72,1200,17.6,886.2,5951.9468,35.40402985,15
Kyrgyzstan,2010,17.56,620,12.39,797.5,11627.2059,42.15980148,7.3
Kyrgyzstan,2015,18.41,460,10.87,715.7,11251.0437,46.66786957,6.3
Kyrgyzstan,2019,20.01,290,8.28,588.1,13407.5801,42.32133865,5.2
Laos,2000,15.3,6700,8.65,810,23911.0759,2.693589926,31.2
Laos,2010,16.87,4200,6.8,732,34284.5308,16.64825058,14.1
Laos,2015,17.5,3200,6.2,697.2,38671.7445,18.16503906,6.7
Laos,2019,17.65,2000,5.98,699.9,43132.8642,14.45331001,5.4
Latvia,2000,18.33,310,29.63,725.5,69835.0547,56.24380112,4.6
Latvia,2010,19.24,91,18.59,654.4,98190.6675,69.05104065,2.5
Latvia,2015,20.35,99,17.14,572,126630.2288,74.29988098,2.5
Latvia,2019,20.53,65,16.06,558.7,155997.1845,94.86453247,2.5
Lebanon,2000,19.84,60,2.99,566.7,819.7726,,7.8
Lebanon,2010,19.9,48,3.04,562.3,9549.7403,,5.7
Lebanon,2015,20.13,60,2.87,548.1,4365.7074,,5.9
Lebanon,2019,20.53,60,2.76,526.9,5324.9395,,9
Lesotho,2000,13.95,1100,42.6,833,521.3766,2.01274991,20
Lesotho,2010,12.77,1300,86.89,1128,3621.382,,11.6
Lesotho,2015,12.7,1100,114.5,1284,2571.4767,10.18686962,30.3
Lesotho,2019,13.43,1300,87.48,1137,2327.6285,,31.2
Liberia,2000,15.79,1400,8.79,577.4,12239.667,19.65513039,36.6
Liberia,2010,16.71,1600,8.68,572,1290.5911,9.531189919,34.5
Liberia,2015,17.06,3200,7.71,514.7,21004.1569,,36.4
Liberia,2019,17.75,2800,7.37,506.4,7679.2846,,39.2
Libya,2000,20.99,370,5.3,506.2,51198.3468,48.40504837,
Libya,2010,21.52,340,5.44,476.3,129051.5357,,
Libya,2015,21.34,680,5.48,473,82950.5095,,
Libya,2019,21.26,790,4.49,479,103817.3752,,
Lithuania,2000,19.46,380,45.75,635.7,48138.5595,50.89682007,2.5
Lithuania,2010,19.87,220,31.32,615.7,70591.5507,86.5725708,2.5
Lithuania,2015,20.32,190,28.93,572.7,85691.749,69.74053955,2.5
Lithuania,2019,20.93,120,20.15,525,109190.097,72.00897217,2.5
Luxembourg,2000,21.77,3,13.45,439.7,447801.2799,9.814740181,2.5
Luxembourg,2010,23.54,1,9.62,343.6,683826.9861,18.2652092,2.5
Luxembourg,2015,24.44,1,9.57,304.5,613896.523,19.77630997,2.5
Luxembourg,2019,24.4,2,8.62,303.1,478432.1615,18.43000031,2.5
Madagascar,2000,15.38,14000,10.75,742.7,6200.5179,2.171109915,33.8
Madagascar,2010,16.12,12000,10.18,712.9,7797.7806,3.669960022,28.2
Madagascar,2015,16.5,12000,9.53,681.4,7414.6613,4.806190014,40.2
Madagascar,2019,16.76,12000,9.18,665.2,8043.6961,,47.4
Malawi,2000,13.96,2300,19.22,832.6,201.0179,0.351980001,23.6
Malawi,2010,16.01,3000,16.03,723.4,1809.1417,0.715919971,15.5
Malawi,2015,16.87,3700,12.59,633.7,1324.6871,0.818660021,16
Malawi,2019,17.24,2700,10.58,589.8,1622.5815,,17.6
Malaysia,2000,18.09,1500,6.1,618.9,4073.0442,25.61568069,2.5
Malaysia,2010,19.18,1500,5.3,524.3,22243.9953,37.02888107,3.4
Malaysia,2015,19.89,1500,5.22,478.3,29342.4786,45.59270859,3.8
Malaysia,2019,19.5,1600,5.77,501.1,35674.5036,43.06161118,2.6
Maldives,2000,17.95,14,5.3,692.2,13851.1735,,
Maldives,2010,20.3,8,3.05,502.7,17462.2435,,
Maldives,2015,21.34,7,2.95,448,19761.0552,,
Maldives,2019,22.15,10,2.76,402,23541.2714,34.12194061,
Mali,2000,16.02,1500,8.78,689.2,8969.2425,1.936830044,16.2
Mali,2010,16.84,1700,8.69,658.4,14394.412,6.129809856,5.8
Mali,2015,17.08,1400,8.46,640.7,15427.0986,5.503170013,3.4
Mali,2019,17.46,1600,7.96,611.4,17023.4713,,5.6
Malta,2000,20.81,3,6.01,473,128985.5027,21.58163071,2.5
Malta,2010,23.2,3,6.63,371.9,150351.072,37.38576126,2.5
Malta,2015,24.23,2,6.55,326,174568.2777,47.12258148,2.5
Malta,2019,24.49,1,5.32,314.7,203557.7913,64.87290955,2.5
Mauritania,2000,17.12,1500,6.39,533.2,8097.8951,,8.3
Mauritania,2010,18.49,960,5.49,481.8,16402.2213,4.362410069,8.2
Mauritania,2015,18.84,920,5.33,472.3,14777.4735,5.612140179,8.3
Mauritania,2019,18.98,690,5.47,476.2,16747.8848,5.763249874,9.2
Mauritius,2000,17.83,6,11.47,736.8,97837.2833,11.0313797,5.7
Mauritius,2010,19.39,12,7.37,624.6,272829.0885,33.69147873,4.3
Mauritius,2015,20.16,16,7.51,584,241657.0026,37.41527939,5.6
Mauritius,2019,20.29,18,8.75,581.5,190326.3557,44.39152908,7.2
Mexico,2000,21.57,3700,3.86,472.4,55090.6983,20.49101067,3.3
Mexico,2010,21.52,2600,4.66,474.3,69635.4015,27.56347084,4.8
Mexico,2015,21.73,2200,5.6,470,77497.2268,31.8190403,5
Mexico,2019,21.84,2200,5.29,464.8,81239.1708,42.83069992,6
Micronesia,2000,14.63,13,27.98,1145,18175.9995,14.11797047,
Micronesia,2010,14.87,24,26.99,1132,19601.7605,,
Micronesia,2015,14.78,14,28.37,1152,20862.6843,,
Micronesia,2019,14.7,12,28.99,1171,17804.2671,,
Mongolia,2000,13.42,500,23.63,1311,30505.2018,30.17548943,31.1
Mongolia,2010,15.09,340,22.4,1101,43698.2516,53.73474121,16.5
Mongolia,2015,16.5,330,19.68,930.5,55148.831,68.04701233,8.4
Mongolia,2019,16.41,330,18.02,939.2,57934.9036,68.75351715,4
Montenegro,2000,19.21,0,18.94,638.8,18318.9209,,9.6
Montenegro,2010,18.97,1,16.52,644.4,37433.8432,52.22526932,2.5
Montenegro,2015,18.99,1,16.35,639,45561.0695,,2.5
Montenegro,2019,19.44,1,16.22,603.1,56841.6941,54.17481995,2.5
Morocco,2000,18.41,2700,10.85,663.6,6308.8563,10.17603016,6.3
Morocco,2010,18.72,2600,9.53,642.3,13504.722,14.5676403,5.1
Morocco,2015,18.54,2800,7.63,656,14957.7952,28.40354919,3.8
Morocco,2019,18.67,2900,7.29,644,16148.8117,38.54533005,4.4
Mozambique,2000,15.23,6500,20.91,761.5,6237.1334,0.659950018,36.5
Mozambique,2010,15.1,7200,25.31,821.8,10663.1198,4.662000179,24.1
Mozambique,2015,15.29,9000,23.97,805.4,11049.7547,6.659150124,29.7
Mozambique,2019,15.8,5800,23.19,778.6,9458.036,,31.8
Myanmar,2000,15.43,86000,5.14,822.1,6667.1459,,37.6
Myanmar,2010,16.97,49000,3.75,735.5,20094.419,,10.2
Myanmar,2015,17.68,30000,3.34,694.2,26606.2338,,4.2
Myanmar,2019,18.06,19000,2.96,673.7,32694.9058,,2.5
Namibia,2000,14.64,840,27.49,829.2,11702.623,,13.5
Namibia,2010,16.45,1600,17.99,689.5,25289.5911,,28.8
Namibia,2015,16.99,1500,16.29,671.3,27509.0342,20.59754944,21
Namibia,2019,17.24,1400,13.51,627.9,24134.733,,18.9
Nepal,2000,17.59,31000,10.87,485.9,7434.1085,4.188159943,23.5
Nepal,2010,18.1,22000,10.52,554.8,11919.1603,14.33990002,9.9
Nepal,2015,17.83,18000,9.83,597.4,15106.5184,14.96646023,5.3
Nepal,2019,18.01,17000,9.77,602.7,16673.0346,13.32682991,4.8
Netherlands,2000,21.32,96,8.09,465.1,199120.3075,52.28482056,2.5
Netherlands,2010,23.29,56,8.06,362.6,236425.8125,63.71601868,2.5
Netherlands,2015,23.63,37,9.31,342.8,243697.5769,80.5699234,2.5
Netherlands,2019,24.08,21,9.27,319.9,282618.7168,,2.5
New Zealand,2000,22.38,25,12.37,430.7,158431.91,,2.5
New Zealand,2010,24.2,17,12.02,340.8,211121.227,,2.5
New Zealand,2015,24.28,21,11.13,331.7,240956.6026,80.56337738,2.5
New Zealand,2019,24.83,13,10.3,308.9,311460.7178,80.30255127,2.5
Nicaragua,2000,20.06,320,6.28,529.9,21160.1367,,27.5
Nicaragua,2010,19.62,260,5.37,558.9,29090.5433,16.07338715,20
Nicaragua,2015,19.91,180,4.47,554.1,34032.1208,19.06928062,19
Nicaragua,2019,20.03,140,4.66,546.8,32043.5878,19.56017494,17.5
Niger,2000,15.79,6700,9.51,621.7,1282.4564,,
Niger,2010,16.59,3600,10.39,618,3282.3019,1.372640014,
Niger,2015,16.82,3900,10.39,616.5,3484.4875,3.299669981,
Niger,2019,17.19,3700,10.15,599.7,3756.4162,4.228240013,
Nigeria,2000,16.19,80000,9.18,641.6,18060.4703,,8.9
Nigeria,2010,17.28,88000,8.79,584.8,36690.7697,9.57199955,8.2
Nigeria,2015,17.81,114000,7.31,554.3,42884.6298,,9.2
Nigeria,2019,18.24,129000,6.87,530.2,41065.1504,,12
Norway,2000,21.97,56,13.02,428.7,130475.785,69.27863312,2.5
Norway,2010,23.5,29,10.89,349.5,246852.582,73.49385834,2.5
Norway,2015,24.2,12,10.59,313.1,361326.777,77.9589386,2.5
Norway,2019,24.66,18,9.91,291.3,397181.1055,83.23069,2.5
Oman,2000,15.65,20,6.71,866.9,30136.8073,,12.3
Oman,2010,15.88,16,6.1,821.6,53109.6521,23.34454918,7.7
Oman,2015,16.68,18,4.7,781.7,49684.4531,39.23263931,8.1
Oman,2019,17.8,17,4.47,683.6,45210.5077,40.44564056,8.8
Pakistan,2000,15.72,58000,11.1,844.7,10057.3733,,21.1
Pakistan,2010,16.4,51000,10.16,815.2,15272.273,,15.4
Pakistan,2015,16.83,48000,9.96,784.5,17235.6238,9.225899696,12.8
Pakistan,2019,17.26,43000,9.77,753.4,18477.5366,12.22064018,14.1
Panama,2000,23.32,190,5.9,373.7,6381.4696,41.33280945,24.5
Panama,2010,23.33,190,4.33,355.2,21368.0465,44.25146866,10.9
Panama,2015,24.01,230,2.95,342.3,29311.7019,47.26562881,8.1
Panama,2019,24.26,210,2.86,333.7,33656.9399,,5.4
Papua New Guinea,2000,16.35,6100,2.83,750.3,8177.4713,,26.3
Papua New Guinea,2010,16.09,7700,3.29,828.7,11717.5476,,26.2
Papua New Guinea,2015,16.33,4600,3.65,847.5,12983.004,,23
Papua New Guinea,2019,16.48,4500,3.57,837.5,13606.0596,,21.9
Paraguay,2000,22.02,210,3.64,426.9,47103.579,15.88856983,10.5
Paraguay,2010,21.57,230,3.82,450.5,64871.018,34.63021088,7.7
Paraguay,2015,21.81,240,5.85,446.6,68066.4214,,7.4
Paraguay,2019,21.78,270,6.16,447.1,70265.3759,,8.2
Peru,2000,22.31,3900,3.43,376.7,19897.2314,33.815979,21.5
Peru,2010,23.04,2600,3.63,357,35479.5201,,8.7
Peru,2015,24.03,2400,2.77,314.6,43868.04,,5.9
Peru,2019,24.38,2400,2.73,302.7,45198.9614,,8.1
Philippines,2000,17.64,33000,2.26,650.6,3350.0238,,18.7
Philippines,2010,18.03,28000,2.89,643.6,9358.2113,29.56384087,12.2
Philippines,2015,17.84,27000,2.71,673.2,12909.4695,37.80009842,10.2
Philippines,2019,17.77,29000,2.54,713.6,17774.081,31.62248993,5.5
Poland,2000,19.2,1200,15.31,639.8,23887.9068,49.67464828,2.5
Poland,2010,20.99,620,15.51,520.6,37793.9087,74.75524902,2.5
Poland,2015,21.5,580,13.15,482.1,44834.7159,66.94615173,2.5
Poland,2019,22.13,510,9.3,441.6,56875.0019,69.18402863,2.5
Portugal,2000,21.21,390,5.45,486.3,169487.4467,47.86975098,2.5
Portugal,2010,23.1,230,8.83,377.6,212605.6557,65.60205078,2.5
Portugal,2015,23.8,220,8.31,339.1,201248.0817,61.75632858,2.5
Portugal,2019,24.34,240,7.22,317.6,212598.9694,67.93070221,2.5
Qatar,2000,15.93,6,7.62,869.3,686083.1524,,
Qatar,2010,17.26,5,6.39,794.4,217944.8316,9.360969543,
Qatar,2015,18.99,7,4.85,695.6,230261.9192,14.70129013,
Qatar,2019,19.5,8,4.66,650.1,201789.3661,18.9489994,
South Korea,2000,20.69,4000,13.9,495.3,117587.2678,76.65550232,2.5
South Korea,2010,23.72,3000,27.98,324.6,205267.3707,102.7910233,2.5
South Korea,2015,24.82,2600,21.2,275.2,229048.2054,94.33984375,2.5
South Korea,2019,25.8,1900,21.16,237.1,269457.893,98.44618988,2.5
Moldova,2000,15.77,770,16.32,983.7,5663.6943,,
Moldova,2010,16.53,560,17.64,866.9,11955.4047,,
Moldova,2015,17.76,250,13.68,748.2,13555.742,52.1283493,
Moldova,2019,19.02,160,12.17,638,15904.4172,56.27151108,
Romania,2000,18.19,2100,11.33,737.9,49080.0586,23.92625999,2.5
Romania,2010,19.23,1500,10.71,648,65656.5897,63.99544144,2.5
Romania,2015,19.87,1100,9.06,592.4,75720.0971,46.72668839,2.5
Romania,2019,20.25,930,7.33,555.3,101345.2179,51.3538208,2.5
Russia,2000,16.38,32000,48.89,937.6,39925.6561,55.79957962,4
Russia,2010,17.76,23000,33.01,805.3,91587.0566,,2.5
Russia,2015,19.11,14000,27.87,688,82604.7413,79.93813324,2.5
Russia,2019,19.93,8000,21.6,619.5,75874.9955,86.40014648,2.5
Rwanda,2000,13.37,440,25.56,995.9,1527.9665,1.317389965,38.5
Rwanda,2010,17.37,650,11.5,629.4,3938.6062,5.929900169,31.4
Rwanda,2015,17.88,570,9.89,591.6,4486.6085,7.61135006,35.3
Rwanda,2019,18.02,640,9.45,579,4990.7284,6.235390186,35.2
Saint Lucia,2000,20.03,1,8.08,579.3,5224.4515,,
Saint Lucia,2010,22.02,1,7.63,474.4,4047.0514,12.39398956,
Saint Lucia,2015,21.69,2,7.89,486.2,1225.9609,16.3260498,
Saint Lucia,2019,20.91,2,6.85,515.7,9539.0627,15.37464046,
Saint Vincent and the Grenadines,2000,18.52,4,6.45,684.3,4754.9435,,13.4
Saint Vincent and the Grenadines,2010,19.82,6,2.88,578.9,4737.1657,,5.8
Saint Vincent and the Grenadines,2015,20.09,1,3.31,575,1670.6056,23.66991997,5.9
Saint Vincent and the Grenadines,2019,20.87,1,1.01,537.2,10548.5209,,6.6
Samoa,2000,17.05,4,16.26,832.8,29574.6229,7.563829899,3.5
Samoa,2010,17.51,1,14.83,795.1,38951.7454,,4.2
Samoa,2015,17.68,2,14.94,782.3,39919.9898,,4.4
Samoa,2019,17.86,2,14.6,765.7,41408.548,14.02355003,4.4
Saudi Arabia,2000,17.5,1100,3.84,721.7,183960.9752,22.32136917,4.9
Saudi Arabia,2010,18.3,1000,5.66,673.4,178160.4857,36.62677002,5.9
Saudi Arabia,2015,19.22,870,5.95,604,189149.9745,61.05635071,3.7
Saudi Arabia,2019,19.9,790,5.43,558.1,154192.6363,70.90087891,3.9
Senegal,2000,16.61,2700,14.44,640.5,1515.7077,,24.1
Senegal,2010,17.57,2500,12.37,588.4,4368.0769,7.59141016,11.3
Senegal,2015,17.85,2200,11.81,574.7,4512.2226,10.75214005,10.7
Senegal,2019,18.15,2600,10.99,551.4,5575.7671,13.1359396,7.4
Serbia,2000,17.11,0,18.91,827.5,-8049.4131,,3.1
Serbia,2010,18.63,150,12.42,677.9,-3575.4154,49.08272171,2.5
Serbia,2015,19.23,75,11.69,631.9,-20424.9907,58.28768921,4.1
Serbia,2019,19.58,54,7.86,600.8,-23152.6443,67.7898407,3.7
Seychelles,2000,18.97,2,9.76,637.6,7543.2905,,
Seychelles,2010,19.33,0,7.42,588.4,16449.9972,,
Seychelles,2015,19.53,1,7.65,567.8,21975.1728,14.38099003,
Seychelles,2019,19.5,1,7.73,569.9,17407.8394,19.17317009,
Sierra Leone,2000,15.37,3300,10.13,643.2,7157.8563,1.580659986,50.7
Sierra Leone,2010,15.7,3300,12.16,690.4,11932.1095,,29.1
Sierra Leone,2015,16.36,4100,10.53,636.9,12617.6283,,25.8
Sierra Leone,2019,16.99,2500,11.25,636.3,13579.7652,,27.9
Singapore,2000,21.46,120,11.42,404.5,284556.4057,,
Singapore,2010,24.1,89,8.23,284.3,413986.014,,
Singapore,2015,25.06,48,7.56,247.7,440165.9807,,
Singapore,2019,25.54,25,9.65,234.8,440822.0784,91.08898926,
Slovakia,2000,18.51,53,12.63,675.1,76669.2343,28.41184044,6.1
Slovakia,2010,19.8,35,11.14,573.1,108006.8185,57.0667305,5
Slovakia,2015,20.95,35,9.8,496.9,112732.7269,50.70005035,5.8
Slovakia,2019,21.81,14,9.31,441.8,126036.1668,46.42901993,3.7
Slovenia,2000,20.47,22,25.64,517.9,132390.0754,55.21221161,2.5
Slovenia,2010,22.77,20,15.56,393.6,161501.3559,89.15319061,2.5
Slovenia,2015,23.28,11,14.75,363.1,147656.6198,80.26098633,2.5
Slovenia,2019,23.82,14,13.97,339.8,167170.346,77.88276672,2.5
Solomon Islands,2000,14.42,43,17.37,833.6,8342.4571,,13.3
Solomon Islands,2010,14.88,48,18.6,939.9,10118.4619,,13.7
Solomon Islands,2015,15.27,58,17.94,926,11998.823,,18.5
Solomon Islands,2019,15.47,49,17.37,909.1,13381.5911,,17.8
Somalia,2000,13.07,7900,16.78,815,3414.0527,,70.6
Somalia,2010,13.69,10000,15.38,796.8,4932.3873,,70.4
Somalia,2015,14.23,10000,15.03,784.5,6076.588,,59.9
Somalia,2019,14.54,11000,14.66,769.2,7253.3151,,54.8
South Africa,2000,16.22,27000,26.56,809.6,36940.3,,3.9
South Africa,2010,16.92,27000,26.92,782.7,53156.8,18.36263084,3.7
South Africa,2015,17.68,20000,25.55,722,54598,22.26092911,5.2
South Africa,2019,19.12,22000,23.49,618.4,51332.7,23.86655998,6.3
South Sudan,2000,16.3,0,7.89,528.3,1142.9296,,
South Sudan,2010,17.17,0,6.64,475.6,2512.1287,,
South Sudan,2015,17.44,6100,6.41,467.2,1020.3358,,
South Sudan,2019,17.79,3600,6.69,481.1,1465.3858,,
Spain,2000,22.7,540,6.56,410.8,159528.7508,57.72711182,2.5
Spain,2010,24.42,410,5.05,331.8,243215.5525,75.91094971,2.5
Spain,2015,24.71,250,5.64,311.2,211279.4075,85.61177826,2.5
Spain,2019,25.39,230,5.28,282.1,223353.7314,92.88234711,2.5
Sri Lanka,2000,19.62,1300,27.43,593.4,1593.3116,,16.7
Sri Lanka,2010,20.03,950,21.87,544.1,9272.138,16.33612061,9.6
Sri Lanka,2015,20.71,740,14.7,486.6,13157.4373,19.75836945,5.2
Sri Lanka,2019,20.76,750,12.89,466.7,14770.8426,21.12770081,3.7
Sudan,2000,17.27,11000,5.56,693.3,9759.5691,6.744130135,21.5
Sudan,2010,18.21,11000,5.15,640.6,15695.7529,15.91798019,16.5
Sudan,2015,18.52,6800,4.89,636.7,11022.1286,16.91901016,11.2
Sudan,2019,18.64,4300,4.76,625.7,3796.2537,,11.7
Suriname,2000,18.93,5,24.96,612.3,36890.4714,,11.8
Suriname,2010,19.87,18,27.42,566.2,57073.3669,,7.3
Suriname,2015,19.84,13,25.91,570.8,56866.6392,,7.8
Suriname,2019,18.46,14,25.89,665.4,44620.8537,,8
Sweden,2000,22.42,71,12.21,404.4,61004.1187,67.07479858,2.5
Sweden,2010,23.66,36,12.01,343.1,101544.9794,73.67311096,2.5
Sweden,2015,24.02,25,13.02,321,118247.4745,62.28247833,2.5
Sweden,2019,24.5,22,12.37,300.5,141911.6901,77.32910919,2.5
Switzerland,2000,22.99,46,15.89,381,266185.3194,37.77896118,2.5
Switzerland,2010,24.65,28,10.54,309.7,287409.2889,52.93772888,2.5
Switzerland,2015,24.84,17,10.5,294.1,356169.1879,57.70735168,2.5
Switzerland,2019,25.43,17,9.83,269.6,396955.0683,63.30805969,2.5
Syria,2000,17.63,79,2.01,777.8,19276.2438,,
Syria,2010,19.21,30,1.81,634.7,31313.9664,25.85339928,
Syria,2015,16.23,26,1.95,588.7,17752.3167,42.67733002,
Syria,2019,18.72,27,2.11,633.5,17752.5406,43.04687881,
Tajikistan,2000,17.2,910,5.08,774.7,3825.5334,17.85551071,
Tajikistan,2010,15.62,820,4.98,909,8724.0593,22.8998394,
Tajikistan,2015,15.51,770,5.19,943,11180.2432,26.58861923,
Tajikistan,2019,16.12,730,5.32,876.1,11671.2372,,
Thailand,2000,20.77,13000,11.59,510.1,3676.6366,34.87945175,17.3
Thailand,2010,22.82,8600,7.29,389.5,14844.0386,50.3747406,9.9
Thailand,2015,23.53,9900,7.15,360.7,16190.6407,,7.3
Thailand,2019,23.57,9800,7.95,362.6,21596.1641,,8
East Timor,2000,17.86,0,4.88,539.4,16777.464,,41.5
East Timor,2010,18.28,500,4.15,573,57648.0109,17.75373077,31.2
East Timor,2015,18.02,1200,4.38,541,68214.3326,,24.5
East Timor,2019,17.9,1100,4.53,570.4,67181.192,,25
Togo,2000,15.68,310,17.28,728.2,345.3048,,31.3
Togo,2010,15.93,750,18.2,734,2260.4854,9.335940361,20.8
Togo,2015,16.49,480,16.69,694.3,3885.5616,11.5625,20.5
Togo,2019,17.03,220,14.81,649.4,4349.9326,13.67588043,20.1
Tonga,2000,17.99,2,5.13,708.2,12003.5253,4.856430054,
Tonga,2010,18.93,1,5.34,655.4,16049.3025,,
Tonga,2015,18.89,1,5.3,655.5,20051.5595,,
Tonga,2019,19.03,1,4.37,624.8,24435.8067,,
Trinidad and Tobago,2000,18.14,29,16.19,731.4,835.9949,6.060530186,10
Trinidad and Tobago,2010,19.61,23,10.59,608.2,26168.6068,,8.2
Trinidad and Tobago,2015,21.59,21,9.54,500.1,34726.2233,,6.8
Trinidad and Tobago,2019,22.72,22,8.28,439,30683.6805,,7.3
Tunisia,2000,20.14,170,3.9,545.6,5538.6745,19.20266914,4.4
Tunisia,2010,20.85,170,3.37,498.8,12649.0985,35.41902924,3.4
Tunisia,2015,21.21,150,3.03,476.2,12368.7592,35.19113922,2.5
Tunisia,2019,21.54,140,3.18,462.5,11929.0422,31.84726906,2.6
Turkey,2000,21.46,1600,4.21,515,16091.7768,,2.5
Turkey,2010,21.2,870,2.47,494.4,25768.2644,,2.5
Turkey,2015,21.48,550,2.26,463.9,30802.6928,,2.5
Turkey,2019,22.03,420,2.34,436.8,35019.0344,115.0420609,2.5
Turkmenistan,2000,16.28,1200,13.85,937.2,10359.536,,6.8
Turkmenistan,2010,17.2,850,8.65,807.7,21368.1253,,4.3
Turkmenistan,2015,18.04,570,6.62,721.6,32428.1477,,3.4
Turkmenistan,2019,18.74,630,6.07,668.2,41413.7515,14.22867012,3.5
Uganda,2000,14.66,6400,21.65,788.9,6491.5858,2.647340059,
Uganda,2010,16.74,5600,14.64,639.6,12091.8678,4.063210011,
Uganda,2015,17.36,9300,11.04,589.6,12628.4452,5.224750042,
Uganda,2019,17.7,6900,10.45,572.2,13028.3705,,
Ukraine,2000,16.77,11000,33.48,895.1,7256.585,48.7762413,3
Ukraine,2010,17.68,7900,20.17,791.9,19352.4595,80.17552948,2.5
Ukraine,2015,18.93,5000,17.87,680,17448.6285,,2.5
Ukraine,2019,19.49,3700,17.73,649,21724.054,,2.6
UAE,2000,18.69,22,8.01,623.4,573837.1639,,2.8
UAE,2010,19.53,57,6.42,555.4,264466.3182,,8.4
UAE,2015,19.41,60,5.25,552.5,317883.2734,,6.5
UAE,2019,19.92,62,5.24,528.4,336318.8544,52.60697937,6
UK,2000,21.31,510,7.74,447.4,160420.9994,58.47404099,2.5
UK,2010,23.36,380,6.95,372.6,177328.1447,58.92335129,2.5
UK,2015,23.52,350,7.81,358,192438.4764,56.45848846,2.5
UK,2019,24.13,230,6.88,329.9,201378.3744,65.77336121,2.5
USA,2000,21.41,910,10.02,481.7,219434.17,,2.5
USA,2010,22.96,620,11.72,409.8,204115.2,,2.5
USA,2015,23.11,510,12.86,406.6,246374.8915,88.88941193,2.5
USA,2019,23.13,580,14.51,407.9,280527.9865,87.88871002,2.5
Uruguay,2000,20.59,77,14.5,527.7,47251.8825,33.92599869,3.6
Uruguay,2010,21.25,47,14.26,472,66856.6161,51.23524094,2.5
Uruguay,2015,21.78,90,16.66,445.6,76193.8633,59.6962204,2.5
Uruguay,2019,21.67,83,18.83,445.2,78470.5852,65.15686035,2.5
Uzbekistan,2000,16.05,4600,12.05,932.4,16919.2,13.07149982,17.9
Uzbekistan,2010,17.28,2700,8.3,768.4,27620.6265,9.377269745,5.4
Uzbekistan,2015,17.76,2000,9.2,738.1,35372.8148,8.224089622,2.5
Uzbekistan,2019,18.64,1000,8.28,673.1,40741.0192,12.5820303,2.5
Vanuatu,2000,14.99,27,23.22,1015,14565.9981,3.829090118,7.5
Vanuatu,2010,15.33,15,22.15,1005,13371.9699,,6.3
Vanuatu,2015,15.51,19,21.18,998.7,11913.3955,,10.3
Vanuatu,2019,15.68,17,20.96,986.3,13113.8959,,12.4
Venezuela,2000,21.26,680,6.35,468.4,96182.9881,28.65452957,14.9
Venezuela,2010,21.89,700,3.6,441.1,117666.7989,,2.5
Venezuela,2015,21.84,670,2.37,428.7,111295.4614,,11.3
Venezuela,2019,21.69,690,2.1,411.3,36625.952,,24.9
Vietnam,2000,18.85,29000,7.17,592.6,10633.2433,9.464670181,19.7
Vietnam,2010,19.2,18000,7.3,595.2,18862.3324,22.82085991,10.9
Vietnam,2015,19.4,14000,7.61,587,23537.0386,29.07345963,8.1
Vietnam,2019,19.6,9400,7.22,569.4,30400.508,28.63998032,6.2
Yemen,2000,16.8,3500,8.51,800.1,14553.8563,,26.7
Yemen,2010,17.78,1700,7.35,717.1,12270.0498,10.76455975,27.1
Yemen,2015,17.97,2600,6.8,700.4,5880.02,,43.4
Yemen,2019,17.77,2100,7.06,717.1,4211.3053,,42.8
Zambia,2000,13.2,3500,24.03,904.1,12801.4157,,
Zambia,2010,15.4,4000,19.71,769.1,22712.8184,,
Zambia,2015,16.13,4900,17.26,729,25948.9613,,
Zambia,2019,16.53,6100,14.43,679.4,27484.7428,,
Zimbabwe,2000,14.41,3300,19.98,608.2,14005.7739,,
Zimbabwe,2010,14.12,1100,35.01,861.8,-1243.7756,6.698379993,
Zimbabwe,2015,15.11,1100,30.74,800.1,-2537.6857,10.00654984,
Zimbabwe,2019,15.55,1700,23.63,735,-2515.2415,,